Name,Team,Season,AVG,WAR,NameASCII,PlayerId,MLBAMID,Unique ID,Pos,Salary
Aaron Judge,NYY,2021,0.291190316,21.24312793,Aaron Judge,15640,592450,15640*2021,RF,10175000
Freddie Freeman,LAD,2021,0.3190914,19.29340818,Freddie Freeman,5361,518692,5361*2021,1B,22000000
Trea Turner,PHI,2021,0.296394485,17.74959287,Trea Turner,16252,607208,16252*2021,SS,0
Mookie Betts,LAD,2021,0.281134401,17.72518868,Mookie Betts,13611,605141,13611*2021,RF,22916667
Jose Ramirez,CLE,2021,0.276077097,17.02776355,Jose Ramirez,13510,608070,13510*2021,3B,9400000
Marcus Semien,TEX,2021,0.263264274,16.57859885,Marcus Semien,12533,543760,12533*2021,SS,18000000
Jose Altuve,HOU,2021,0.293682795,16.21969867,Jose Altuve,5417,514888,5417*2021,2B,29000000
Austin Riley,ATL,2021,0.285714285,16.06858899,Austin Riley,18360,663586,18360*2021,RF,0
Ronald Acuna Jr.,ATL,2021,0.302061122,15.82441403,Ronald Acuna Jr.,18401,660670,18401*2021,RF,5000000
Francisco Lindor,NYM,2021,0.253562945,15.82026475,Francisco Lindor,12916,596019,12916*2021,SS,22300000
Shohei Ohtani,LAD,2021,0.277160493,15.16952958,Shohei Ohtani,19755,660271,19755*2021,RF,3000000
Manny Machado,SDP,2021,0.278338278,14.99611935,Manny Machado,11493,592518,11493*2021,3B,32000000
Kyle Tucker,HOU,2021,0.278325123,14.88671665,Kyle Tucker,18345,663656,18345*2021,RF,0
Dansby Swanson,CHC,2021,0.257110987,14.8232938,Dansby Swanson,18314,621020,18314*2021,SS,6000000
Xander Bogaerts,SDP,2021,0.295481569,14.75597323,Xander Bogaerts,12161,593428,12161*2021,SS,20000000
Matt Olson,ATL,2021,0.264393515,14.63862438,Matt Olson,14344,621566,14344*2021,1B,5000000
Corey Seager,TEX,2021,0.287420941,14.51700122,Corey Seager,13624,608369,13624*2021,SS,13750000
Nolan Arenado,STL,2021,0.270760233,14.173717,Nolan Arenado,9777,571448,9777*2021,3B,35000000
Yordan Alvarez,HOU,2021,0.291460832,14.12802808,Yordan Alvarez,19556,670541,19556*2021,LF,0
Bo Bichette,TOR,2021,0.297906602,13.62742516,Bo Bichette,19612,666182,19612*2021,SS,0
Sean Murphy,ATL,2021,0.24,13.44688835,Sean Murphy,19352,669221,19352*2021,C,0
J.T. Realmuto,PHI,2021,0.26344452,13.40891496,J.T. Realmuto,11739,592663,11739*2021,C,20000000
Brandon Nimmo,NYM,2021,0.277889111,12.85620479,Brandon Nimmo,12927,607043,12927*2021,LF,4700000
Bryce Harper,PHI,2021,0.297338403,12.85470323,Bryce Harper,11579,547180,11579*2021,RF,27538462
Will Smith,LAD,2021,0.259740259,12.8205877,Will Smith,19197,669257,19197*2021,C,13000000
Carlos Correa,MIN,2021,0.267127592,12.67777837,Carlos Correa,14162,621043,14162*2021,SS,11700000
Rafael Devers,BOS,2021,0.281575898,12.63673177,Rafael Devers,17350,646240,17350*2021,3B,4575000
Julio Rodriguez,SEA,2022,0.278969957,11.57065419,Julio Rodriguez,23697,677594,23697*2022,CF,700000
Cedric Mullins,BAL,2021,0.26394052,11.54148483,Cedric Mullins,17929,656775,17929*2021,CF,0
Bryan Reynolds,PIT,2021,0.275820895,11.14504219,Bryan Reynolds,19326,668804,19326*2021,LF,0
Mike Trout,LAA,2021,0.282734646,11.01682427,Mike Trout,10155,545361,10155*2021,CF,37116667
Vladimir Guerrero Jr.,TOR,2021,0.28308026,10.94926497,Vladimir Guerrero Jr.,19611,665489,19611*2021,3B,0
Fernando Tatis Jr.,SDP,2021,0.268755935,10.9061867,Fernando Tatis Jr.,19709,665487,19709*2021,SS,1714286
Tommy Edman,LAD,2021,0.259281084,10.6255308,Tommy Edman,19470,669242,19470*2021,SS,0
Adolis Garcia,TEX,2021,0.245835726,10.61960471,Adolis Garcia,19287,666969,19287*2021,RF,0
Andres Gimenez,CLE,2021,0.264563106,10.61656326,Andres Gimenez,19950,665926,19950*2021,SS,0
Yandy Diaz,TBR,2021,0.295283663,10.57612033,Yandy Diaz,16578,650490,16578*2021,3B,0
Luis Robert Jr.,CHW,2021,0.287260616,10.57317768,Luis Robert Jr.,20043,673357,20043*2021,CF,3500000
Matt Chapman,SFG,2021,0.225888324,10.57042001,Matt Chapman,16505,656305,16505*2021,SS,6490000
Adley Rutschman,BAL,2022,0.267748478,10.43401753,Adley Rutschman,26288,668939,26288*2022,C,0
Nico Hoerner,CHC,2021,0.284227381,10.42285569,Nico Hoerner,21479,663538,21479*2021,SS,0
J.P. Crawford,SEA,2021,0.261520047,10.16182316,J.P. Crawford,15491,641487,15491*2021,SS,2050000
Randy Arozarena,SEA,2021,0.263505402,9.842366957,Randy Arozarena,19290,668227,19290*2021,RF,0
Max Muncy,LAD,2021,0.219681219,9.17481407,Max Muncy,13301,571970,13301*2021,3B,9000000
Jeff McNeil,NYM,2021,0.285239361,9.063895467,Jeff McNeil,15362,643446,15362*2021,LF,0
Willson Contreras,STL,2021,0.248210023,8.915801572,Willson Contreras,11609,575929,11609*2021,LF,6650000
Ozzie Albies,ATL,2021,0.265625,8.811474017,Ozzie Albies,16556,645277,16556*2021,2B,3000000
Michael Harris II,ATL,2022,0.294885745,8.613758031,Michael Harris II,25931,671739,25931*2022,CF,700000
Ian Happ,CHC,2021,0.249690976,8.607757173,Ian Happ,17919,664023,17919*2021,RF,4100000
George Springer,TOR,2021,0.26245614,8.564630896,George Springer,12856,543807,12856*2021,RF,23666667
Ketel Marte,ARI,2021,0.273376159,8.466581068,Ketel Marte,13613,606466,13613*2021,CF,6400000
Cal Raleigh,SEA,2021,0.217221135,8.433965089,Cal Raleigh,21534,663728,21534*2021,C,0
Starling Marte,NYM,2021,0.287660256,8.381724027,Starling Marte,9241,516782,9241*2021,CF,0
Daulton Varsho,TOR,2021,0.231743666,8.259549701,Daulton Varsho,19918,662139,19918*2021,RF,0
Jake Cronenworth,SDP,2021,0.245657568,8.156241795,Jake Cronenworth,18036,630105,18036*2021,SS,0
Christian Walker,ARI,2021,0.248403575,8.148284778,Christian Walker,13419,572233,13419*2021,1B,0
Ke'Bryan Hayes,PIT,2021,0.25716385,8.138685311,Ke'Bryan Hayes,18577,663647,18577*2021,3B,0
Bobby Witt Jr.,KCR,2022,0.265422077,8.13414458,Bobby Witt Jr.,25764,677951,25764*2022,SS,0
Byron Buxton,MIN,2021,0.240045506,8.125644717,Byron Buxton,14161,621439,14161*2021,CF,5125000
Steven Kwan,CLE,2022,0.282264779,7.950490818,Steven Kwan,24610,680757,24610*2022,RF,0
Brandon Lowe,TBR,2021,0.236268526,7.934591272,Brandon Lowe,18882,664040,18882*2021,RF,2500000
Eugenio Suarez,ARI,2021,0.222964763,7.807447759,Eugenio Suarez,12552,553993,12552*2021,SS,10785714
Nathaniel Lowe,TEX,2021,0.275803722,7.763448931,Nathaniel Lowe,19566,663993,19566*2021,3B,0
William Contreras,MIL,2021,0.273866923,7.671368967,William Contreras,20503,661388,20503*2021,C,0
Luis Arraez,SDP,2021,0.324080051,7.667333037,Luis Arraez,18568,650333,18568*2021,LF,0
Chas McCormick,HOU,2021,0.259082217,7.663841116,Chas McCormick,19599,676801,19599*2021,RF,0
Nicky Lopez,CHW,2021,0.259067357,7.469273175,Nicky Lopez,19339,670032,19339*2021,SS,0
Jonah Heim,TEX,2021,0.232269503,7.434746932,Jonah Heim,16930,641680,16930*2021,C,0
Christian Yelich,MIL,2021,0.260498687,7.356001505,Christian Yelich,11477,592885,11477*2021,RF,14000000
Ryan McMahon,COL,2021,0.246277915,7.320246701,Ryan McMahon,15112,641857,15112*2021,3B,2375000
Alejandro Kirk,TOR,2021,0.265143992,7.306981519,Alejandro Kirk,22581,672386,22581*2021,C,0
Jeimer Candelario,CIN,2021,0.248826291,7.128664188,Jeimer Candelario,13621,600869,13621*2021,3B,2850000
Javier Baez,DET,2021,0.241225271,6.867933702,Javier Baez,12979,595879,12979*2021,SS,11600000
Corbin Carroll,ARI,2022,0.281016442,6.742831325,Corbin Carroll,25878,682998,25878*2022,RF,0
Isaac Paredes,CHC,2021,0.230167597,6.624246176,Isaac Paredes,20036,670623,20036*2021,SS,0
Jazz Chisholm Jr.,NYY,2021,0.249757045,6.215325518,Jazz Chisholm Jr.,20454,665862,20454*2021,SS,0
Lars Nootbaar,STL,2021,0.246060606,6.131400594,Lars Nootbaar,21454,663457,21454*2021,RF,0
Austin Hays,PHI,2021,0.260531432,6.118899022,Austin Hays,19363,669720,19363*2021,RF,0
Jeremy Pena,HOU,2022,0.258652094,6.099711606,Jeremy Pena,21636,665161,21636*2022,SS,0
Taylor Ward,LAA,2021,0.265344664,5.972228002,Taylor Ward,17548,621493,17548*2021,RF,0
Trent Grisham,NYY,2021,0.208393632,5.960055108,Trent Grisham,18564,663757,18564*2021,CF,0
Kyle Schwarber,PHI,2021,0.222293401,5.817618707,Kyle Schwarber,16478,656941,16478*2021,LF,0
Yoan Moncada,CHW,2021,0.246203037,5.708241397,Yoan Moncada,17232,660162,17232*2021,3B,6800000
Chris Taylor,LAD,2021,0.238973536,5.632341155,Chris Taylor,13757,621035,13757*2021,SS,7800000
Gunnar Henderson,BAL,2022,0.255917159,5.571889474,Gunnar Henderson,26289,683002,26289*2022,SS,0
Brandon Marsh,PHI,2021,0.259398496,5.569066983,Brandon Marsh,20202,669016,20202*2021,CF,0
Jose Trevino,NYY,2021,0.236808236,5.501833157,Jose Trevino,16725,624431,16725*2021,C,0
Bryson Stott,PHI,2022,0.260869565,5.495495258,Bryson Stott,26294,681082,26294*2022,SS,0
Wilmer Flores,SFG,2021,0.255496588,5.468959396,Wilmer Flores,5827,527038,5827*2021,3B,3000000
Mike Yastrzemski,SFG,2021,0.222915042,5.411482595,Mike Yastrzemski,14854,573262,14854*2021,RF,0
Lane Thomas,CLE,2021,0.252218934,5.405732345,Lane Thomas,16939,657041,16939*2021,RF,0
Hunter Renfroe,KCR,2021,0.249162759,5.3412474,Hunter Renfroe,15464,592669,15464*2021,RF,3100000
Lourdes Gurriel Jr.,ARI,2021,0.275265957,5.323173213,Lourdes Gurriel Jr.,19238,666971,19238*2021,LF,3928571
Josh Rojas,SEA,2021,0.261079774,5.301868686,Josh Rojas,19734,668942,19734*2021,SS,0
Seiya Suzuki,CHC,2022,0.275219298,5.133775977,Seiya Suzuki,30116,673548,30116*2022,RF,8000000
Kyle Farmer,MIN,2021,0.257992565,5.11270797,Kyle Farmer,14813,571657,14813*2021,SS,640000
Jonathan India,CIN,2021,0.25510204,5.072428193,Jonathan India,21523,663697,21523*2021,2B,0
Trevor Story,BOS,2021,0.239193083,5.023620129,Trevor Story,12564,596115,12564*2021,SS,18500000
Jose Siri,TBR,2021,0.223357664,4.982559268,Jose Siri,17452,642350,17452*2021,RF,0
Cody Bellinger,CHC,2021,0.235963581,4.880103583,Cody Bellinger,15998,641355,15998*2021,RF,16100000
Josh Naylor,CLE,2021,0.276014109,4.869461833,Josh Naylor,18839,647304,18839*2021,RF,0
TJ Friedl,CIN,2021,0.267473118,4.728087011,TJ Friedl,19522,670770,19522*2021,LF,0
Nick Castellanos,PHI,2021,0.280785246,4.597492011,Nick Castellanos,11737,592206,11737*2021,RF,14000000
Mitch Garver,SEA,2021,0.248914616,4.450530758,Mitch Garver,15161,641598,15161*2021,C,1875000
James Outman,LAD,2022,0.254032258,4.419332525,James Outman,24770,681546,24770*2022,RF,0
Ramon Urias,BAL,2021,0.261463414,4.407055107,Ramon Urias,18795,602104,18795*2021,SS,0
Tyrone Taylor,NYM,2021,0.237308146,4.396238458,Tyrone Taylor,13675,621438,13675*2021,RF,0
Edmundo Sosa,PHI,2021,0.253028263,4.327993912,Edmundo Sosa,17022,624641,17022*2021,SS,0
Rhys Hoskins,MIL,2021,0.246421267,4.319252103,Rhys Hoskins,16472,656555,16472*2021,1B,4800000
Ryan Jeffers,MIN,2021,0.230065359,4.309888239,Ryan Jeffers,24618,680777,24618*2021,C,0
Dylan Carlson,TBR,2021,0.246437552,4.306598526,Dylan Carlson,20126,666185,20126*2021,RF,0
Ryan Mountcastle,BAL,2021,0.257275132,4.262316713,Ryan Mountcastle,18373,663624,18373*2021,LF,0
Santiago Espinal,CIN,2021,0.273029966,4.216439039,Santiago Espinal,19997,669289,19997*2021,3B,0
Patrick Wisdom,CHC,2021,0.213953488,4.193745993,Patrick Wisdom,13602,621550,13602*2021,RF,0
Brendan Donovan,STL,2022,0.282729805,4.177233578,Brendan Donovan,24679,680977,24679*2022,SS,0
Nolan Jones,COL,2022,0.286975717,3.928118227,Nolan Jones,20529,666134,20529*2022,RF,0
Jorge Mateo,BAL,2021,0.224652087,3.881341825,Jorge Mateo,17273,622761,17273*2021,SS,0
Manuel Margot,MIN,2021,0.263108614,3.857925302,Manuel Margot,14712,622534,14712*2021,RF,3400000
Christian Vazquez,MIN,2021,0.253592561,3.823197393,Christian Vazquez,9774,543877,9774*2021,C,6250000
Jack Suwinski,PIT,2022,0.214747736,3.818085616,Jack Suwinski,22244,669261,22244*2022,RF,0
Josh Lowe,TBR,2021,0.273148148,3.782535008,Josh Lowe,19953,666139,19953*2021,RF,0
LaMonte Wade Jr.,SFG,2021,0.244399185,3.769362751,LaMonte Wade Jr.,18126,664774,18126*2021,RF,0
Gavin Lux,LAD,2021,0.26058201,3.668718815,Gavin Lux,19955,666158,19955*2021,SS,0
Miguel Rojas,LAD,2021,0.246484085,3.661132699,Miguel Rojas,7802,500743,7802*2021,SS,5000000
Isiah Kiner-Falefa,PIT,2021,0.261080332,3.631091121,Isiah Kiner-Falefa,16512,643396,16512*2021,SS,2000000
Dylan Moore,SEA,2021,0.199413489,3.58855436,Dylan Moore,18042,664238,18042*2021,SS,0
Jake Rogers,DET,2021,0.225225225,3.538334829,Jake Rogers,19452,668670,19452*2021,P,0
Giancarlo Stanton,NYY,2021,0.229867083,3.527605982,Giancarlo Stanton,4949,519317,4949*2021,RF,29000000
Willi Castro,MIN,2021,0.238556338,3.412839662,Willi Castro,17338,650489,17338*2021,SS,0
Riley Greene,DET,2022,0.270557029,3.361029126,Riley Greene,25976,682985,25976*2022,CF,0
Ramon Laureano,ATL,2021,0.227099236,3.329760949,Ramon Laureano,17128,657656,17128*2021,RF,0
Leody Taveras,TEX,2021,0.246246246,3.317331588,Leody Taveras,18900,665750,18900*2021,CF,0
Brendan Rodgers,COL,2021,0.271062271,3.277962006,Brendan Rodgers,17907,663898,17907*2021,SS,0
Christopher Morel,TBR,2022,0.241199478,3.275412165,Christopher Morel,21897,666624,21897*2022,SS,0
Andrew Benintendi,CHW,2021,0.279023746,3.204244586,Andrew Benintendi,17901,643217,17901*2021,LF,6600000
Matt McLain,CIN,2023,0.290410958,3.127651724,Matt McLain,29695,680574,29695*2023,SS,0
Salvador Perez,KCR,2021,0.261384903,3.097987443,Salvador Perez,7304,521692,7304*2021,C,14200000
Francisco Alvarez,NYM,2022,0.208121827,3.076011939,Francisco Alvarez,26121,682626,26121*2022,C,0
Gabriel Moreno,ARI,2022,0.290243902,3.070131943,Gabriel Moreno,22664,672515,22664*2022,LF,0
Jake Fraley,CIN,2021,0.244125326,2.911763082,Jake Fraley,19260,641584,19260*2021,RF,0
Jake Burger,MIA,2021,0.250716332,2.900505516,Jake Burger,22275,669394,22275*2021,3B,0
Jesús Sanchez,MIA,2021,0.238888888,2.862998209,Jesus Sanchez,19913,660821,19913*2021,RF,0
Josh Jung,TEX,2022,0.255208333,2.856069046,Josh Jung,26299,673962,26299*2022,3B,0
Alec Bohm,PHI,2021,0.269685039,2.843010376,Alec Bohm,21618,664761,21618*2021,3B,0
Royce Lewis,MIN,2022,0.307392996,2.801917297,Royce Lewis,20437,668904,20437*2022,SS,0
Nick Madrigal,CHC,2021,0.270986745,2.781933083,Nick Madrigal,20521,663611,20521*2021,2B,0
Geraldo Perdomo,ARI,2021,0.220943613,2.760935163,Geraldo Perdomo,22799,672695,22799*2021,SS,0
Edouard Julien,MIN,2023,0.263313609,2.758131424,Edouard Julien,27534,666397,27534*2023,2B,0
Orlando Arcia,ATL,2021,0.25192802,2.715365479,Orlando Arcia,13185,606115,13185*2021,SS,0
Zack Gelof,OAK,2023,0.266666666,2.707071819,Zack Gelof,29766,680869,29766*2023,2B,0
Connor Joe,PIT,2021,0.25,2.691842882,Connor Joe,16572,656582,16572*2021,LF,0
Jake Meyers,HOU,2021,0.234710743,2.690241998,Jake Meyers,20308,676694,20308*2021,RF,0
Jake McCarthy,ARI,2021,0.260670731,2.678243087,Jake McCarthy,21622,664983,21622*2021,RF,0
Patrick Bailey,SFG,2023,0.233128834,2.672061909,Patrick Bailey,27478,672275,27478*2023,C,0
Tyler Stephenson,CIN,2021,0.271151885,2.65584464,Tyler Stephenson,17988,663886,17988*2021,LF,0
Victor Caratini,HOU,2021,0.225190839,2.633546384,Victor Caratini,14968,605170,14968*2021,C,1300000
Andy Ibanez,DET,2021,0.26098901,2.593374851,Andy Ibanez,18819,628451,18819*2021,LF,0
Kris Bryant,COL,2021,0.262076053,2.58110542,Kris Bryant,15429,592178,15429*2021,SS,19500000
Kerry Carpenter,DET,2022,0.272552783,2.570842266,Kerry Carpenter,25961,681481,25961*2022,RF,0
Marcell Ozuna,ATL,2021,0.244949494,2.567692331,Marcell Ozuna,10324,542303,10324*2021,LF,12000000
Matt Vierling,DET,2021,0.260571428,2.489252649,Matt Vierling,21558,663837,21558*2021,RF,0
Seth Brown,OAK,2021,0.223309608,2.475738325,Seth Brown,18171,664913,18171*2021,RF,0
Mitch Haniger,SEA,2021,0.242654028,2.46817146,Mitch Haniger,14274,571745,14274*2021,RF,3010000
Luis Rengifo,LAA,2021,0.253547776,2.438704837,Luis Rengifo,19858,650859,19858*2021,SS,0
Yainer Diaz,HOU,2022,0.278236914,2.401247237,Yainer Diaz,23003,673237,23003*2022,C,0
Nolan Gorman,STL,2022,0.232220609,2.2636088,Nolan Gorman,22263,669357,22263*2022,LF,0
Mauricio Dubon,HOU,2021,0.253107344,2.19768561,Mauricio Dubon,16530,643289,16530*2021,SS,0
Luke Raley,SEA,2021,0.233471074,2.197455371,Luke Raley,19354,670042,19354*2021,RF,0
Akil Baddoo,DET,2021,0.233261339,2.176940371,Akil Baddoo,22168,668731,22168*2021,RF,0
Jorge Soler,LAA,2021,0.230232558,2.124965329,Jorge Soler,14221,624585,14221*2021,RF,0
Maikel Garcia,KCR,2022,0.273662551,2.118673571,Maikel Garcia,22715,672580,22715*2022,SS,0
Ryan Noda,LAA,2023,0.229064039,2.095924655,Ryan Noda,23312,676116,23312*2023,RF,0
Triston Casas,BOS,2022,0.253465346,2.093355544,Triston Casas,22514,671213,22514*2022,1B,0
Jarren Duran,BOS,2021,0.258164852,2.045213491,Jarren Duran,24617,680776,24617*2021,LF,0
Kyle Isbel,KCR,2021,0.232371794,2.030629271,Kyle Isbel,21614,664728,21614*2021,RF,0
Nick Fortes,MIA,2021,0.219557195,2.013258606,Nick Fortes,21538,663743,21538*2021,C,0
CJ Abrams,WSN,2022,0.245572609,1.983313192,CJ Abrams,25768,682928,25768*2022,SS,0
Tom Murphy,SFG,2021,0.237362637,1.97062751,Tom Murphy,13499,608596,13499*2021,C,875000
Davis Schneider,TOR,2023,0.275862068,1.91646206,Davis Schneider,23565,676914,23565*2023,LF,0
Jose Caballero,TBR,2023,0.22077922,1.863618941,Jose Caballero,23401,676609,23401*2023,SS,0
Rob Refsnyder,BOS,2021,0.265182186,1.845464339,Rob Refsnyder,13770,608701,13770*2021,RF,0
Anthony Volpe,NYY,2023,0.208872458,1.840441114,Anthony Volpe,27647,683011,27647*2023,SS,720000
Bo Naylor,CLE,2022,0.228155339,1.839704307,Bo Naylor,21865,666310,21865*2022,C,0
Elly De La Cruz,CIN,2023,0.234536082,1.815101039,Elly De La Cruz,26668,682829,26668*2023,SS,0
Stone Garrett,WSN,2022,0.270967741,1.796413484,Stone Garrett,19273,656448,19273*2022,LF,0
Spencer Steer,CIN,2022,0.262924667,1.782825636,Spencer Steer,26323,668715,26323*2022,3B,0
Zach McKinstry,DET,2021,0.220812182,1.777588464,Zach McKinstry,19392,656716,19392*2021,RF,0
Oneil Cruz,PIT,2021,0.236559139,1.753500311,Oneil Cruz,21711,665833,21711*2021,SS,0
Freddy Fermin,KCR,2022,0.272321428,1.737136214,Freddy Fermin,21840,666023,21840*2022,C,0
Matt Wallner,MIN,2022,0.244444444,1.702711128,Matt Wallner,26466,670242,26466*2022,RF,0
Keibert Ruiz,WSN,2021,0.257711442,1.570407445,Keibert Ruiz,19610,660688,19610*2021,C,0
Ezequiel Tovar,COL,2022,0.250814332,1.554296004,Ezequiel Tovar,24064,678662,24064*2022,SS,0
Mike Tauchman,CHC,2021,0.22862823,1.525301794,Mike Tauchman,15274,643565,15274*2021,RF,0
Jared Triolo,PIT,2023,0.298342541,1.52225835,Jared Triolo,25807,669707,25807*2023,3B,0
Brent Rooker,OAK,2021,0.228070175,1.515763954,Brent Rooker,19627,667670,19627*2021,RF,0
Ezequiel Duran,TEX,2022,0.262214983,1.511791869,Ezequiel Duran,23733,677649,23733*2022,3B,0
Vinnie Pasquantino,KCR,2022,0.27198364,1.509971286,Vinnie Pasquantino,27676,686469,27676*2022,1B,0
Emmanuel Rivera,BAL,2021,0.246676514,1.481314787,Emmanuel Rivera,19890,656896,19890*2021,3B,0
Will Benson,CIN,2022,0.260233918,1.473036622,Will Benson,21853,666181,21853*2022,RF,0
Johan Rojas,PHI,2023,0.302013422,1.471972405,Johan Rojas,24336,679032,24336*2023,CF,0
Sean Bouchard,COL,2022,0.303571428,1.382459824,Sean Bouchard,21270,656248,21270*2022,LF,0
Sam Haggerty,SEA,2021,0.237960339,1.346891513,Sam Haggerty,18054,664059,18054*2021,RF,0
Austin Barnes,LAD,2021,0.202872531,1.346205574,Austin Barnes,12158,605131,12158*2021,C,1650000
Anthony Rendon,LAA,2021,0.235404896,1.343412744,Anthony Rendon,12861,543685,12861*2021,3B,28071428
Austin Hedges,CLE,2021,0.173856209,1.279559592,Austin Hedges,12976,595978,12976*2021,C,3280000
Drew Waters,KCR,2022,0.231155778,1.265687929,Drew Waters,20505,671221,20505*2022,RF,0
Jason Delay,PIT,2022,0.232919254,1.242984271,Jason Delay,19806,641511,19806*2022,C,0
Stuart Fairchild,CIN,2021,0.22960725,1.234194947,Stuart Fairchild,20321,656413,20321*2021,RF,0
Eric Haase,MIL,2021,0.229957805,1.201516065,Eric Haase,14111,606992,14111*2021,LF,0
Evan Carter,TEX,2023,0.306451612,1.195009701,Evan Carter,27790,694497,27790*2023,RF,0
Alex Call,WSN,2022,0.208588957,1.190610003,Alex Call,19296,669743,19296*2022,RF,0
Bryan De La Cruz,PIT,2021,0.262872628,1.184636606,Bryan De La Cruz,19600,650559,19600*2021,RF,0
Dairon Blanco,KCR,2022,0.259541984,1.140782848,Dairon Blanco,19779,680118,19779*2022,CF,0
Trevor Larnach,MIN,2021,0.222222222,1.130577687,Trevor Larnach,21501,663616,21501*2021,RF,0
Sal Frelick,MIL,2023,0.246073298,1.120486568,Sal Frelick,29622,686217,29622*2023,RF,0
Tyler Heineman,TOR,2022,0.22051282,1.109260316,Tyler Heineman,13897,623168,13897*2022,C,0
Zach Neto,LAA,2023,0.224913494,1.109177868,Zach Neto,31347,687263,31347*2023,SS,0
Joey Wiemer,CIN,2023,0.204359673,1.092951236,Joey Wiemer,27690,686894,27690*2023,RF,0
Garrett Mitchell,MIL,2022,0.277777777,1.071943882,Garrett Mitchell,27555,669003,27555*2022,CF,0
Alek Thomas,ARI,2022,0.230463576,1.044959612,Alek Thomas,23792,677950,23792*2022,CF,0
Blake Perkins,MIL,2023,0.216783216,1.024614637,Blake Perkins,19921,663368,19921*2023,RF,0
Mickey Moniak,LAA,2021,0.24,1.017611129,Mickey Moniak,19956,666160,19956*2021,RF,0
Jordan Westburg,BAL,2023,0.259615384,1.005107173,Jordan Westburg,27815,676059,27815*2023,3B,0
Nelson Velazquez,KCR,2022,0.219020172,0.996850349,Nelson Velazquez,23359,676369,23359*2022,RF,0
Parker Meadows,DET,2023,0.232,0.965439735,Parker Meadows,23800,678009,23800*2023,CF,0
Jordan Walker,STL,2023,0.276190476,0.955310329,Jordan Walker,27475,691023,27475*2023,RF,0
Cade Marlowe,SEA,2023,0.238636363,0.899386113,Cade Marlowe,25505,687799,25505*2023,RF,0
Esteury Ruiz,OAK,2022,0.247933884,0.896326852,Esteury Ruiz,21780,665923,21780*2022,RF,0
Jacob Young,WSN,2023,0.252336448,0.879484923,Jacob Young,29931,696285,29931*2023,CF,0
Jarred Kelenic,ATL,2021,0.20412844,0.876360237,Jarred Kelenic,22558,672284,22558*2021,RF,0
Shea Langeliers,OAK,2022,0.208474576,0.716690337,Shea Langeliers,25816,669127,25816*2022,C,0
Jose Miranda,MIN,2022,0.254266211,0.711264231,Jose Miranda,20538,669304,20538*2022,3B,0
Miguel Amaya,CHC,2023,0.213740458,0.691046302,Miguel Amaya,21693,665804,21693*2023,C,0
Christian Encarnacion-Strand,CIN,2023,0.27027027,0.667250823,Christian Encarnacion-Strand,30011,687952,30011*2023,RF,0
Derek Hill,MIA,2021,0.234200743,0.663841362,Derek Hill,16947,656537,16947*2021,CF,0
David Villar,SFG,2022,0.192857142,0.642582035,David Villar,24782,681584,24782*2022,3B,0
Taylor Walls,TBR,2021,0.189095127,0.642512403,Taylor Walls,22458,670764,22458*2021,SS,0
Michael Massey,KCR,2022,0.232945091,0.638712755,Michael Massey,27684,686681,27684*2022,3B,0
German Marquez,COL,2021,0.264150943,0.635549759,German Marquez,15038,608566,15038*2021,P,0
Wilyer Abreu,BOS,2023,0.315789473,0.630717906,Wilyer Abreu,23772,677800,23772*2023,RF,0
Luis Campusano,SDP,2021,0.273469387,0.626426611,Luis Campusano,22217,669134,22217*2021,C,0
Spencer Torkelson,DET,2022,0.221532091,0.620370567,Spencer Torkelson,27465,679529,27465*2022,1B,0
Masataka Yoshida,BOS,2023,0.288640595,0.614032659,Masataka Yoshida,31837,807799,31837*2023,LF,15600000
Endy Rodriguez,PIT,2023,0.220430107,0.611432967,Endy Rodriguez,25332,682848,25332*2023,C,0
Brenton Doyle,COL,2023,0.203007518,0.578407162,Brenton Doyle,25479,686668,25479*2023,CF,0
Livan Soto,BAL,2022,0.375,0.57566866,Livan Soto,22471,670869,22471*2022,SS,0
Noelvi Marte,CIN,2023,0.315789473,0.562449031,Noelvi Marte,26517,682622,26517*2023,SS,0
Dominic Fletcher,CHW,2023,0.301075268,0.55721563,Dominic Fletcher,26149,666150,26149*2023,RF,0
Jose Azocar,NYM,2022,0.249146757,0.555042141,Jose Azocar,18821,640492,18821*2022,RF,0
Ryan O'Hearn,BAL,2021,0.258379888,0.54446663,Ryan O'Hearn,16442,656811,16442*2021,RF,0
Andruw Monasterio,MIL,2023,0.258865248,0.531841618,Andruw Monasterio,19455,655316,19455*2023,SS,0
Victor Robles,SEA,2021,0.225888324,0.491916781,Victor Robles,18363,645302,18363*2021,CF,0
Will Brennan,CLE,2022,0.274261603,0.463891844,Will Brennan,25660,686823,25660*2022,RF,0
Jacob deGrom,TEX,2021,0.363636363,0.459942906,Jacob deGrom,10954,594798,10954*2021,P,35500000
Oswaldo Cabrera,NYY,2022,0.223451327,0.45372172,Oswaldo Cabrera,21707,665828,21707*2022,SS,0
Rene Pinto,BAL,2022,0.234972677,0.449632453,Rene Pinto,19859,650907,19859*2022,C,0
Corey Julks,CHW,2023,0.244966442,0.432615137,Corey Julks,20311,667452,20311*2023,RF,0
Sam Huff,TEX,2022,0.243902439,0.430216286,Sam Huff,22209,669087,22209*2022,C,0
Eli White,ATL,2021,0.179810725,0.421059756,Eli White,19346,642201,19346*2021,RF,0
Enmanuel Valdez,BOS,2023,0.26618705,0.381518879,Enmanuel Valdez,21716,665839,21716*2023,SS,0
Blake Sabol,SFG,2023,0.23548387,0.372443744,Blake Sabol,25805,666165,25805*2023,LF,0
Connor Wong,BOS,2021,0.231481481,0.368367087,Connor Wong,19896,657136,19896*2021,C,0
Gabriel Arias,CLE,2022,0.20718232,0.353238743,Gabriel Arias,22563,672356,22563*2022,SS,0
Nick Loftin,KCR,2023,0.322580645,0.340606974,Nick Loftin,27630,679845,27630*2023,3B,0
Huascar Ynoa,ATL,2021,0.21875,0.339695504,Huascar Ynoa,20468,660623,20468*2021,P,0
Joey Bart,PIT,2021,0.214689265,0.328188956,Joey Bart,21524,663698,21524*2021,C,0
Austin Wells,NYY,2023,0.228571428,0.320081594,Austin Wells,27562,669224,27562*2023,C,0
Curtis Mead,TBR,2023,0.253012048,0.317184458,Curtis Mead,23986,678554,23986*2023,SS,0
Vaughn Grissom,BOS,2022,0.287037037,0.286652147,Vaughn Grissom,26031,687093,26031*2022,SS,0
Drew Millas,WSN,2023,0.285714285,0.285796152,Drew Millas,25643,686452,25643*2023,C,0
Eguy Rosario,SDP,2022,0.243902439,0.284217251,Eguy Rosario,19964,666703,19964*2022,SS,0
Jasson Dominguez,NYY,2023,0.258064516,0.27823867,Jasson Dominguez,28080,691176,28080*2023,CF,0
Ronny Mauricio,NYM,2023,0.247524752,0.273741789,Ronny Mauricio,23698,677595,23698*2023,SS,0
Ben Rortvedt,TBR,2021,0.146496815,0.270412407,Ben Rortvedt,20287,666163,20287*2021,C,0
Aaron Nola,PHI,2021,0.142857142,0.26480726,Aaron Nola,16149,605400,16149*2021,P,12250000
Logan Webb,SFG,2021,0.130434782,0.251170414,Logan Webb,17995,657277,17995*2021,P,0
Jonny DeLuca,TBR,2023,0.261904761,0.251111762,Jonny DeLuca,26365,676356,26365*2023,RF,0
Ranger Suarez,PHI,2021,0.1875,0.250171709,Ranger Suarez,17277,624133,17277*2021,P,0
Logan O'Hoppe,LAA,2022,0.239795918,0.249615213,Logan O'Hoppe,24729,681351,24729*2022,C,0
Garrett Stubbs,PHI,2021,0.225296442,0.235461749,Garrett Stubbs,18067,596117,18067*2021,LF,0
Tyler Wade,SDP,2021,0.243076923,0.230069853,Tyler Wade,15730,642180,15730*2021,SS,0
Zac Gallen,ARI,2021,0.1875,0.22667822,Zac Gallen,19291,668678,19291*2021,P,0
Tylor Megill,NYM,2021,0.214285714,0.224896117,Tylor Megill,21318,656731,21318*2021,P,0
Kevin Gausman,TOR,2021,0.185185185,0.224429981,Kevin Gausman,14107,592332,14107*2021,P,18900000
Matt Thaiss,LAA,2021,0.213017751,0.221348624,Matt Thaiss,19318,642136,19318*2021,1B,0
Nick Allen,OAK,2022,0.214285714,0.218079949,Nick Allen,22277,669397,22277*2022,SS,0
Tyler Freeman,CLE,2022,0.24347826,0.188327846,Tyler Freeman,22532,671289,22532*2022,SS,0
Liover Peguero,PIT,2022,0.23880597,0.185128881,Liover Peguero,24273,678894,24273*2022,SS,0
Ji Hwan Bae,PIT,2022,0.239782016,0.174472261,Ji Hwan Bae,23818,678225,23818*2022,LF,0
Sean Manaea,NYM,2021,0.5,0.166902611,Sean Manaea,15873,640455,15873*2021,P,5950000
Tyler Fitzgerald,SFG,2023,0.21875,0.16639177,Tyler Fitzgerald,26208,666149,26208*2023,CF,0
Tristan Gray,PIT,2023,0.4,0.164953228,Tristan Gray,19877,656484,19877*2023,SS,0
Dylan Cease,SDP,2021,0.375,0.158344525,Dylan Cease,18525,656302,18525*2021,P,0
Grae Kessinger,HOU,2023,0.2,0.156522659,Grae Kessinger,25813,666197,25813*2023,SS,0
Taylor Trammell,HOU,2021,0.167763157,0.152304298,Taylor Trammell,19960,666211,19960*2021,LF,0
Ernie Clement,TOR,2021,0.230538922,0.148546821,Ernie Clement,20352,676391,20352*2021,SS,0
Ryan Weathers,MIA,2021,0.148148148,0.144385718,Ryan Weathers,23796,677960,23796*2021,P,0
Spencer Horwitz,TOR,2023,0.256410256,0.14401541,Spencer Horwitz,26477,687462,26477*2023,1B,0
Weston Wilson,PHI,2023,0.3125,0.126958992,Weston Wilson,19358,642215,19358*2023,RF,0
Buddy Kennedy,PHI,2022,0.205607476,0.123482729,Buddy Kennedy,22505,671083,22505*2022,3B,0
Marco Luciano,SFG,2023,0.23076923,0.121291978,Marco Luciano,25616,682617,25616*2023,SS,0
Luis Castillo,SEA,2021,0.163265306,0.119960683,Luis Castillo,15689,622491,15689*2021,P,4200000
Jo Adell,LAA,2021,0.228070175,0.116603287,Jo Adell,20220,666176,20220*2021,RF,0
Tony Gonsolin,LAD,2021,0.176470588,0.105786754,Tony Gonsolin,19388,664062,19388*2021,P,0
Xavier Edwards,MIA,2023,0.294871794,0.104741908,Xavier Edwards,22266,669364,22266*2023,CF,0
Austin Voth,SEA,2021,0.5,0.098410512,Austin Voth,15047,608723,15047*2021,P,0
Otto Lopez,MIA,2021,0.6,0.097958573,Otto Lopez,19608,672640,19608*2021,,0
Garrett Cleavinger,TBR,2021,0.5,0.095865476,Garrett Cleavinger,17897,664076,17897*2021,P,0
Sean Reid-Foley,NYM,2021,0,0.092824594,Sean Reid-Foley,17034,656887,17034*2021,P,0
Marcus Stroman,NYY,2021,0.098039215,0.090864506,Marcus Stroman,13431,573186,13431*2021,P,18900000
Zack Wheeler,PHI,2021,0.161764705,0.088699453,Zack Wheeler,10310,554430,10310*2021,P,22500000
Heston Kjerstad,BAL,2023,0.233333333,0.088548067,Heston Kjerstad,31166,677008,31166*2023,RF,0
JJ Bleday,OAK,2022,0.182608695,0.088314623,JJ Bleday,26368,668709,26368*2022,RF,0
Johan Oviedo,PIT,2021,0.15,0.08115133,Johan Oviedo,22487,670912,22487*2021,P,0
Ceddanne Rafaela,BOS,2023,0.240963855,0.073695175,Ceddanne Rafaela,24262,678882,24262*2023,SS,0
Kyle Wright,KCR,2021,0.333333333,0.073242044,Kyle Wright,19665,657140,19665*2021,P,0
Chadwick Tromp,ATL,2021,0.236842105,0.069413713,Chadwick Tromp,16953,644433,16953*2021,C,0
Junior Caminero,TBR,2023,0.235294117,0.065475965,Junior Caminero,28163,691406,28163*2023,SS,0
Luis Garcia Jr.,WSN,2021,0.263662511,0.062720145,Luis Garcia Jr.,20391,671277,20391*2021,SS,0
Dane Dunning,TEX,2021,0.333333333,0.053703111,Dane Dunning,19409,641540,19409*2021,P,0
Cal Quantrill,COL,2021,0.5,0.051773455,Cal Quantrill,19312,615698,19312*2021,P,0
Triston McKenzie,CLE,2021,0.5,0.051757505,Triston McKenzie,18000,663474,18000*2021,P,0
Bailey Ober,MIN,2021,0.5,0.051521524,Bailey Ober,21224,641927,21224*2021,P,0
Garrett Whitlock,BOS,2021,0.5,0.049793781,Garrett Whitlock,20191,676477,20191*2021,P,0
Ivan Herrera,STL,2022,0.236363636,0.04540756,Ivan Herrera,20599,671056,20599*2022,C,0
Lucas Giolito,BOS,2021,0.25,0.036541167,Lucas Giolito,15474,608337,15474*2021,P,4150000
Aaron Civale,MIL,2021,0,0.036230782,Aaron Civale,19479,650644,19479*2021,P,0
Jameson Taillon,CHC,2021,0,0.036219873,Jameson Taillon,11674,592791,11674*2021,P,0
Clarke Schmidt,NYY,2021,0,0.035589894,Clarke Schmidt,19899,657376,19899*2021,P,0
Reid Detmers,LAA,2021,0,0.035269364,Reid Detmers,27468,672282,27468*2021,P,0
Patrick Sandoval,LAA,2021,0.25,0.035042161,Patrick Sandoval,19447,663776,19447*2021,P,0
Hoby Milner,MIL,2021,0,0.034597966,Hoby Milner,13346,571948,13346*2021,P,570500
Aaron Ashby,MIL,2021,0,0.03128001,Aaron Ashby,23550,676879,23550*2021,P,0
Drew Rasmussen,TBR,2021,0.25,0.031026573,Drew Rasmussen,25385,656876,25385*2021,P,0
Zack Littell,TBR,2021,0.25,0.028254664,Zack Littell,15823,641793,15823*2021,P,570500
Vinny Capra,MIL,2022,0.173913043,0.027641706,Vinny Capra,25040,681962,25040*2022,RF,0
Richie Palacios,TBR,2022,0.243902439,0.026578831,Richie Palacios,24589,680700,24589*2022,LF,0
Jose Fermin,STL,2023,0.235294117,0.02634955,Jose Fermin,21746,665877,21746*2023,3B,0
Casey Mize,DET,2021,0,0.024964548,Casey Mize,20492,663554,20492*2021,P,0
Edward Cabrera,MIA,2021,0.142857142,0.024255237,Edward Cabrera,21690,665795,21690*2021,P,0
Tony Santillan,CIN,2021,0.142857142,0.0219696,Tony Santillan,19926,663574,19926*2021,P,0
Braxton Garrett,MIA,2021,0.181818181,0.020793332,Braxton Garrett,21844,666129,21844*2021,P,0
Edwin Uceta,TBR,2021,0.2,0.018077498,Edwin Uceta,20539,670955,20539*2021,P,0
Nolan Schanuel,LAA,2023,0.275229357,0.016250562,Nolan Schanuel,33189,694384,33189*2023,1B,0
Evan Phillips,LAD,2021,0,0.015378589,Evan Phillips,17734,623465,17734*2021,P,0
Alex Vesia,LAD,2021,0,0.013436958,Alex Vesia,25007,681911,25007*2021,P,0
Jesús Luzardo,MIA,2021,0,0.013192056,Jesus Luzardo,19959,666200,19959*2021,P,0
Ryan Kreidler,DET,2022,0.164835164,0.012045514,Ryan Kreidler,25867,668952,25867*2022,SS,0
Keegan Thompson,CHC,2021,0.166666666,0.008277754,Keegan Thompson,19795,624522,19795*2021,P,0
Pavin Smith,ARI,2021,0.238758029,0.006631544,Pavin Smith,19892,656976,19892*2021,RF,0
T.J. McFarland,OAK,2021,0,0,T.J. McFarland,3237,519008,3237*2021,P,0
Liam Hendriks,BOS,2021,0,0,Liam Hendriks,3548,521230,3548*2021,P,11333333
Ryan Brasier,LAD,2021,0,0,Ryan Brasier,5615,518489,5615*2021,P,1250000
Huascar Brazoban,NYM,2022,0,0,Huascar Brazoban,6107,623211,6107*2022,P,0
Ryan Pressly,HOU,2021,0,0,Ryan Pressly,7005,519151,7005*2021,P,8750000
Fernando Cruz,CIN,2022,0,0,Fernando Cruz,7048,518585,7048*2022,P,0
Michael Tonkin,MIN,2023,0,0,Michael Tonkin,10315,543859,10315*2023,P,750000
Jason Adam,SDP,2021,0,0,Jason Adam,11861,592094,11861*2021,P,0
Gerrit Cole,NYY,2021,0,0,Gerrit Cole,13125,543037,13125*2021,P,36000000
Derek Law,WSN,2021,0,0,Derek Law,13133,571882,13133*2021,P,0
Pierce Johnson,ATL,2021,0,0,Pierce Johnson,13435,572955,13435*2021,P,2000000
Taylor Rogers,SFG,2021,0,0,Taylor Rogers,13449,573124,13449*2021,P,6000000
Robert Stephenson,LAA,2021,0,0,Robert Stephenson,13594,596112,13594*2021,P,805000
Tayler Scott,HOU,2022,0,0,Tayler Scott,13652,605463,13652*2022,P,0
JT Chargois,SEA,2021,0,0,JT Chargois,13767,608638,13767*2021,P,570500
Matt Strahm,PHI,2021,0,0,Matt Strahm,13799,621381,13799*2021,P,2000000
Austin Adams,OAK,2021,0,0,Austin Adams,13801,613534,13801*2021,P,0
Josh Hader,HOU,2021,0,0,Josh Hader,14212,623352,14212*2021,P,6675000
Wandy Peralta,SDP,2021,0,0,Wandy Peralta,14295,593974,14295*2021,P,0
Joel Payamps,MIL,2021,0,0,Joel Payamps,14332,606303,14332*2021,P,0
Edwin Diaz,NYM,2021,0,0,Edwin Diaz,14710,621242,14710*2021,P,7000000
Paul Blackburn,NYM,2021,0,0,Paul Blackburn,14739,621112,14739*2021,P,0
Dylan Covey,NYM,2023,0,0,Dylan Covey,14825,592229,14825*2023,P,0
Joe Mantiply,ARI,2021,0,0,Joe Mantiply,14857,573009,14857*2021,P,0
Sam Moll,CIN,2021,0,0,Sam Moll,14874,594580,14874*2021,P,0
Ben Lively,CLE,2023,0,0,Ben Lively,14932,594902,14932*2023,P,0
Kyle Finnegan,WSN,2021,0,0,Kyle Finnegan,15009,640448,15009*2021,P,0
Tim Mayza,NYY,2021,0,0,Tim Mayza,15042,641835,15042*2021,P,0
Rob Zastryzny,CHC,2022,0,0,Rob Zastryzny,15094,642239,15094*2022,P,0
Cole Sulser,TBR,2021,0,0,Cole Sulser,15256,642121,15256*2021,P,0
Kevin Herget,NYM,2022,0,0,Kevin Herget,15369,643361,15369*2022,P,0
Hunter Harvey,KCR,2021,0,0,Hunter Harvey,15507,640451,15507*2021,P,0
Tyler Rogers,SFG,2021,0,0,Tyler Rogers,15541,643511,15541*2021,P,0
Mark Leiter Jr.,NYY,2022,0,0,Mark Leiter Jr.,15551,643410,15551*2022,P,0
Chad Green,TOR,2021,0,0,Chad Green,15552,643338,15552*2021,P,2150000
Joe Jimenez,ATL,2021,0,0,Joe Jimenez,15761,641729,15761*2021,P,1500000
Devin Williams,MIL,2021,0,0,Devin Williams,15816,642207,15816*2021,P,0
Jordan Romano,TOR,2021,0,0,Jordan Romano,16122,605447,16122*2021,P,0
Aaron Bummer,ATL,2021,0,0,Aaron Bummer,16258,607481,16258*2021,P,2000000
Jesus Tinoco,MIA,2021,0,0,Jesus Tinoco,16300,622786,16300*2021,P,0
Reynaldo Lopez,ATL,2021,0,0,Reynaldo Lopez,16400,625643,16400*2021,P,2100000
Brent Honeywell,LAD,2021,0,0,Brent Honeywell,16466,641703,16466*2021,P,0
Erik Swanson,TOR,2021,0,0,Erik Swanson,16587,657024,16587*2021,P,0
Bryan Abreu,HOU,2021,0,0,Bryan Abreu,16609,650556,16609*2021,P,0
Ryan Thompson,ARI,2021,0,0,Ryan Thompson,16647,657044,16647*2021,P,0
Julian Merryweather,CHC,2021,0,0,Julian Merryweather,16703,657240,16703*2021,P,0
Brock Stewart,MIN,2023,0,0,Brock Stewart,16727,592779,16727*2023,P,0
Brennan Bernardino,BOS,2022,0,0,Brennan Bernardino,16835,657514,16835*2022,P,0
Reed Garrett,NYM,2022,0,0,Reed Garrett,16866,657585,16866*2022,P,0
Tanner Banks,PHI,2022,0,0,Tanner Banks,16990,621383,16990*2022,P,0
Raisel Iglesias,ATL,2021,0,0,Raisel Iglesias,17130,628452,17130*2021,P,0
Gabe Speier,SEA,2021,0,0,Gabe Speier,17170,642100,17170*2021,P,0
Ryan Burr,TOR,2021,0,0,Ryan Burr,17536,621114,17536*2021,P,0
Cristian Javier,HOU,2021,0,0,Cristian Javier,17606,664299,17606*2021,P,0
Tanner Rainey,WSN,2021,0,0,Tanner Rainey,17610,663432,17610*2021,P,0
Justin Lawrence,COL,2021,0,0,Justin Lawrence,17639,664875,17639*2021,P,0
Jeffrey Springs,TBR,2021,0,0,Jeffrey Springs,17677,605488,17677*2021,P,0
Jose Cuas,PHI,2022,0,0,Jose Cuas,17701,621016,17701*2022,P,0
Trevor Megill,MIL,2021,0,0,Trevor Megill,17722,656730,17722*2021,P,0
Angel Perdomo,ATL,2021,0,0,Angel Perdomo,17759,622780,17759*2021,P,0
Trey Wingenter,CHC,2023,0,0,Trey Wingenter,17793,622259,17793*2023,P,1000000
Dillon Tate,TOR,2021,0,0,Dillon Tate,17796,622253,17796*2021,P,0
Ian Gibaut,CIN,2021,0,0,Ian Gibaut,17871,664139,17871*2021,P,0
Tayler Saucedo,SEA,2021,0,0,Tayler Saucedo,17888,642048,17888*2021,P,0
Trent Thornton,SEA,2021,0,0,Trent Thornton,17948,663423,17948*2021,P,0
Brock Burke,LAA,2022,0,0,Brock Burke,17968,656271,17968*2022,P,0
Pete Fairbanks,TBR,2021,0,0,Pete Fairbanks,17998,664126,17998*2021,P,0
Ryan Helsley,STL,2021,0,0,Ryan Helsley,18138,664854,18138*2021,P,0
Tyler Kinley,COL,2021,0,0,Tyler Kinley,18297,641755,18297*2021,P,0
Enyel De Los Santos,CHW,2021,0,0,Enyel De Los Santos,18403,660853,18403*2021,P,0
Danny Young,NYM,2022,0,0,Danny Young,18439,664849,18439*2022,P,0
Jose Quijada,LAA,2021,0,0,Jose Quijada,19200,650671,19200*2021,P,0
Jesse Scholtens,CHW,2023,0,0,Jesse Scholtens,19205,669947,19205*2023,P,0
Seranthony Dominguez,BAL,2021,0,0,Seranthony Dominguez,19249,622554,19249*2021,P,728000
Nick Hernandez,HOU,2023,0,0,Nick Hernandez,19281,663321,19281*2023,P,0
Matt Festa,TEX,2022,0,0,Matt Festa,19330,670036,19330*2022,P,0
Richard Lovelady,TBR,2021,0,0,Richard Lovelady,19337,663992,19337*2021,P,0
A.J. Puk,ARI,2021,0,0,A.J. Puk,19343,640462,19343*2021,P,0
Dean Kremer,BAL,2021,0,0,Dean Kremer,19350,665152,19350*2021,P,0
Lucas Erceg,KCR,2023,0,0,Lucas Erceg,19360,668674,19360*2023,P,0
Colin Poche,TBR,2022,0,0,Colin Poche,19403,621363,19403*2022,P,0
Ronel Blanco,HOU,2022,0,0,Ronel Blanco,19407,669854,19407*2022,P,0
Jorge Alcala,MIN,2021,0,0,Jorge Alcala,19459,660896,19459*2021,P,0
Jason Foley,DET,2021,0,0,Jason Foley,19531,671345,19531*2021,P,0
JoJo Romero,STL,2021,0,0,JoJo Romero,19574,668941,19574*2021,P,0
Guillo Zuniga,LAA,2023,0,0,Guillo Zuniga,19588,670871,19588*2023,P,0
Jordan Hicks,SFG,2021,0,0,Jordan Hicks,19618,663855,19618*2021,P,863000
Gregory Soto,BAL,2021,0,0,Gregory Soto,19677,642397,19677*2021,P,0
Will Vest,DET,2021,0,0,Will Vest,19769,676684,19769*2021,P,0
Bryan Baker,BAL,2021,0,0,Bryan Baker,19804,641329,19804*2021,P,0
Michael King,SDP,2021,0,0,Michael King,19853,650633,19853*2021,P,0
Alex Faedo,DET,2022,0,0,Alex Faedo,19874,656412,19874*2022,P,0
Kevin Ginkel,ARI,2021,0,0,Kevin Ginkel,19876,656464,19876*2021,P,0
Alex Lange,DET,2021,0,0,Alex Lange,19883,656638,19883*2021,P,0
Bryan Hudson,MIL,2023,0,0,Bryan Hudson,19924,663542,19924*2023,P,0
Trevor Stephan,CLE,2021,0,0,Trevor Stephan,19932,663986,19932*2021,P,0
Joey Wentz,PIT,2022,0,0,Joey Wentz,19962,666214,19962*2022,P,0
Tyson Miller,CHC,2022,0,0,Tyson Miller,19976,668338,19976*2022,P,0
Dylan Lee,ATL,2021,0,0,Dylan Lee,19996,669276,19996*2021,P,0
Tyler Wells,BAL,2021,0,0,Tyler Wells,20000,669330,20000*2021,P,0
John Schreiber,KCR,2021,0,0,John Schreiber,20020,670167,20020*2021,P,0
Sean Guenther,DET,2021,0,0,Sean Guenther,20045,674944,20045*2021,P,0
Kaleb Ort,HOU,2021,0,0,Kaleb Ort,20061,672391,20061*2021,P,0
Calvin Faucher,MIA,2022,0,0,Calvin Faucher,20116,676534,20116*2022,P,0
Nate Pearson,CHC,2021,0,0,Nate Pearson,20160,663878,20160*2021,P,0
Mike Baumann,MIA,2021,0,0,Mike Baumann,20206,657508,20206*2021,P,0
Zach Logue,LAD,2022,0,0,Zach Logue,20231,656657,20231*2022,P,0
Daysbel Hernandez,ATL,2023,0,0,Daysbel Hernandez,20271,678226,20271*2023,P,0
Jhonathan Diaz,SEA,2021,0,0,Jhonathan Diaz,20298,646242,20298*2021,P,0
Riley O'Brien,STL,2021,0,0,Riley O'Brien,20348,676617,20348*2021,P,0
Zack Kelly,BOS,2022,0,0,Zack Kelly,20349,677161,20349*2022,P,0
Steven Wilson,CHW,2022,0,0,Steven Wilson,20353,621051,20353*2022,P,0
Andres Munoz,SEA,2021,0,0,Andres Munoz,20373,662253,20373*2021,P,0
Greg Weissert,BOS,2022,0,0,Greg Weissert,20375,669711,20375*2022,P,0
Ryan Walker,SFG,2023,0,0,Ryan Walker,20423,676254,20423*2023,P,0
J.B. Bukauskas,MIL,2021,0,0,J.B. Bukauskas,20491,656266,20491*2021,P,0
Nick Sandlin,CLE,2021,0,0,Nick Sandlin,20517,680704,20517*2021,P,0
Kutter Crawford,BOS,2021,0,0,Kutter Crawford,20531,676710,20531*2021,P,0
Grant Anderson,TEX,2023,0,0,Grant Anderson,20546,681982,20546*2023,P,0
Bowden Francis,TOR,2022,0,0,Bowden Francis,20548,670102,20548*2022,P,0
Felix Bautista,BAL,2022,0,0,Felix Bautista,20666,642585,20666*2022,P,0
Cristopher Sanchez,PHI,2021,0,0,Cristopher Sanchez,20778,650911,20778*2021,P,0
Eduard Bazardo,SEA,2021,0,0,Eduard Bazardo,20997,660825,20997*2021,P,0
Jhoan Duran,MIN,2022,0,0,Jhoan Duran,21029,661395,21029*2022,P,0
Emmanuel Clase,CLE,2021,0,0,Emmanuel Clase,21032,661403,21032*2021,P,0
Seth Martinez,ARI,2021,0,0,Seth Martinez,21045,661527,21045*2021,P,0
Luis Gil,NYY,2021,0,0,Luis Gil,21052,661563,21052*2021,P,0
Dauri Moreta,PIT,2021,0,0,Dauri Moreta,21101,664294,21101*2021,P,0
Alexis Diaz,CIN,2022,0,0,Alexis Diaz,21132,664747,21132*2022,P,0
Dany Jimenez,OAK,2022,0,0,Dany Jimenez,21170,666204,21170*2022,P,0
Connor Brogdon,LAD,2021,0,0,Connor Brogdon,21205,641401,21205*2021,P,0
J.P. France,HOU,2023,0,0,J.P. France,21212,641585,21212*2023,P,0
Allan Winans,ATL,2023,0,0,Allan Winans,21238,642216,21238*2023,P,0
Jake Bird,COL,2022,0,0,Jake Bird,21267,656234,21267*2022,P,0
Lucas Gilbreath,COL,2021,0,0,Lucas Gilbreath,21290,656458,21290*2021,P,0
Jacob Latz,TEX,2021,0,0,Jacob Latz,21306,656641,21306*2021,P,0
Bennett Sousa,HOU,2022,0,0,Bennett Sousa,21345,656986,21345*2022,P,0
Peter Strzelecki,CLE,2022,0,0,Peter Strzelecki,21367,657265,21367*2022,P,0
Yerry De Los Santos,NYY,2022,0,0,Yerry De Los Santos,21420,660787,21420*2022,P,0
Davis Martin,CHW,2022,0,0,Davis Martin,21448,663436,21448*2022,P,0
Cole Sands,MIN,2022,0,0,Cole Sands,21461,663485,21461*2022,P,0
Sean Hjelle,SFG,2022,0,0,Sean Hjelle,21481,663546,21481*2022,P,0
Shane McClanahan,TBR,2021,0,0,Shane McClanahan,21483,663556,21483*2021,P,0
Jake Irvin,WSN,2023,0,0,Jake Irvin,21504,663623,21504*2023,P,0
Thaddeus Ward,BAL,2023,0,0,Thaddeus Ward,21513,663658,21513*2023,P,0
Hogan Harris,OAK,2023,0,0,Hogan Harris,21520,663687,21520*2023,P,0
James McArthur,KCR,2023,0,0,James McArthur,21527,663704,21527*2023,P,0
Daniel Lynch IV,KCR,2021,0,0,Daniel Lynch IV,21537,663738,21537*2021,P,0
Jackson Kowar,SEA,2021,0,0,Jackson Kowar,21549,663804,21549*2021,P,0
Brendon Little,TOR,2022,0,0,Brendon Little,21574,663893,21574*2022,P,0
Tristan Beck,SFG,2023,0,0,Tristan Beck,21584,663941,21584*2023,P,0
Jake Cousins,NYY,2021,0,0,Jake Cousins,21620,664776,21620*2021,P,0
Luis Medina,OAK,2023,0,0,Luis Medina,21649,665622,21649*2023,P,0
Elvis Peguero,MIL,2021,0,0,Elvis Peguero,21652,665625,21652*2021,P,0
Javier Assad,CHC,2022,0,0,Javier Assad,21741,665871,21741*2022,P,0
Cole Ragans,KCR,2022,0,0,Cole Ragans,21846,666142,21846*2022,P,0
Mason Thompson,WSN,2021,0,0,Mason Thompson,21850,666168,21850*2021,P,0
George Soriano,MIA,2023,0,0,George Soriano,21863,666277,21863*2023,P,0
Gregory Santos,SEA,2021,0,0,Gregory Santos,21894,666619,21894*2021,P,0
Camilo Doval,SFG,2021,0,0,Camilo Doval,21992,666808,21992*2021,P,0
Kyle Tyler,PHI,2021,0,0,Kyle Tyler,22092,667725,22092*2021,P,0
Jose Soriano,LAA,2023,0,0,Jose Soriano,22100,667755,22100*2023,P,0
Hagen Danner,TOR,2023,0,0,Hagen Danner,22116,668470,22116*2023,P,0
Hunter Greene,CIN,2022,0,0,Hunter Greene,22182,668881,22182*2022,P,0
MacKenzie Gore,WSN,2022,0,0,MacKenzie Gore,22201,669022,22201*2022,P,0
DL Hall,MIL,2022,0,0,DL Hall,22207,669084,22207*2022,P,0
Jeremiah Estrada,SDP,2022,0,0,Jeremiah Estrada,22210,669093,22210*2022,P,0
Logan Gilbert,SEA,2021,0,0,Logan Gilbert,22250,669302,22250*2021,P,0
Shane Baz,TBR,2021,0,0,Shane Baz,22264,669358,22264*2021,P,0
Owen White,TEX,2023,0,0,Owen White,22273,669391,22273*2023,P,0
Mason Englert,DET,2023,0,0,Mason Englert,22288,669438,22288*2023,P,0
Matthew Liberatore,STL,2022,0,0,Matthew Liberatore,22294,669461,22294*2022,P,0
Brenan Hanifee,DET,2023,0,0,Brenan Hanifee,22304,669724,22304*2023,P,0
Colin Holderman,PIT,2022,0,0,Colin Holderman,22361,670059,22361*2022,P,0
Josh Winckowski,BOS,2022,0,0,Josh Winckowski,22387,670174,22387*2022,P,0
Logan Gillaspie,SDP,2022,0,0,Logan Gillaspie,22461,670810,22461*2022,P,0
Taj Bradley,TBR,2023,0,0,Taj Bradley,22543,671737,22543*2023,P,0
Angel Zerpa,KCR,2021,0,0,Angel Zerpa,22717,672582,22717*2021,P,0
Roansy Contreras,TEX,2021,0,0,Roansy Contreras,22810,672710,22810*2021,P,0
Luis Patino,SDP,2021,0,0,Luis Patino,22815,672715,22815*2021,P,0
Carlos Vargas,SEA,2023,0,0,Carlos Vargas,22915,672841,22915*2023,P,0
Prelander Berroa,CHW,2023,0,0,Prelander Berroa,22932,672860,22932*2023,P,0
Eduardo Salazar,WSN,2023,0,0,Eduardo Salazar,23135,674285,23135*2023,P,0
Osvaldo Bido,OAK,2023,0,0,Osvaldo Bido,23150,674370,23150*2023,P,0
Steven Cruz,KCR,2023,0,0,Steven Cruz,23165,674444,23165*2023,P,0
Michael Grove,LAD,2022,0,0,Michael Grove,23221,675627,23221*2022,P,0
Cody Bolton,SEA,2023,0,0,Cody Bolton,23265,675989,23265*2023,P,0
Collin Snider,SEA,2022,0,0,Collin Snider,23307,676092,23307*2022,P,0
Jose Butto,NYM,2022,0,0,Jose Butto,23313,676130,23313*2022,P,0
Robert Garcia,WSN,2023,0,0,Robert Garcia,23363,676395,23363*2023,P,0
JP Sears,OAK,2022,0,0,JP Sears,23429,676664,23429*2022,P,0
Tom Cosgrove,SDP,2023,0,0,Tom Cosgrove,23443,676680,23443*2023,P,0
Hunter Stratton,PIT,2023,0,0,Hunter Stratton,23455,676702,23455*2023,P,0
Brandon Hughes,ARI,2022,0,0,Brandon Hughes,23460,676714,23460*2022,P,0
Ron Marinaccio,CHW,2022,0,0,Ron Marinaccio,23488,676760,23488*2022,P,0
Keaton Winn,SFG,2023,0,0,Keaton Winn,23499,676775,23499*2023,P,0
Brett de Geus,TOR,2021,0,0,Brett de Geus,23592,676969,23592*2021,P,0
Ray Kerr,ATL,2022,0,0,Ray Kerr,23809,678061,23809*2022,P,0
Brayan Bello,BOS,2022,0,0,Brayan Bello,23920,678394,23920*2022,P,0
Jose A. Ferrer,WSN,2023,0,0,Jose A. Ferrer,24017,678606,24017*2023,P,0
Ronny Henriquez,MIN,2022,0,0,Ronny Henriquez,24094,678692,24094*2022,P,0
Justin Martinez,ARI,2023,0,0,Justin Martinez,24453,679885,24453*2023,P,0
Grayson Rodriguez,BAL,2023,0,0,Grayson Rodriguez,24492,680570,24492*2023,P,0
Simeon Woods Richardson,MIN,2022,0,0,Simeon Woods Richardson,24494,680573,24494*2022,P,0
Lyon Richardson,CIN,2023,0,0,Lyon Richardson,24581,680689,24581*2023,P,0
Kyle Bradish,BAL,2022,0,0,Kyle Bradish,24586,680694,24586*2022,P,0
Jonathan Bowlan,KCR,2023,0,0,Jonathan Bowlan,24607,680742,24607*2023,P,0
Victor Vodnik,COL,2023,0,0,Victor Vodnik,24614,680767,24614*2023,P,0
Kelvin Caceres,LAA,2023,0,0,Kelvin Caceres,24681,680983,24681*2023,P,0
Randy Vasquez,SDP,2023,0,0,Randy Vasquez,24719,681190,24719*2023,P,0
Gus Varland,CHW,2023,0,0,Gus Varland,24737,681402,24737*2023,P,0
Kyle Leahy,STL,2023,0,0,Kyle Leahy,24763,681517,24763*2023,P,0
Ethan Roberts,CHC,2022,0,0,Ethan Roberts,24930,681799,24930*2022,P,0
Austin Warren,SFG,2021,0,0,Austin Warren,24937,681810,24937*2021,P,0
Reese Olson,DET,2023,0,0,Reese Olson,24968,681857,24968*2023,P,0
Cooper Criswell,BOS,2021,0,0,Cooper Criswell,24975,681867,24975*2021,P,0
Shawn Dubin,HOU,2023,0,0,Shawn Dubin,24977,681869,24977*2023,P,0
Colin Selby,BAL,2023,0,0,Colin Selby,24986,681882,24986*2023,P,0
Kody Funderburk,MIN,2023,0,0,Kody Funderburk,24993,681892,24993*2023,P,0
Jacob Lopez,TBR,2023,0,0,Jacob Lopez,25098,682052,25098*2023,P,0
Tim Herrin,CLE,2023,0,0,Tim Herrin,25139,682120,25139*2023,P,0
Penn Murfee,CHW,2022,0,0,Penn Murfee,25174,682171,25174*2022,P,0
Abner Uribe,MIL,2023,0,0,Abner Uribe,25327,682842,25327*2023,P,0
Devin Sweet,PHI,2023,0,0,Devin Sweet,25348,682967,25348*2023,P,0
Brady Singer,KCR,2021,0,0,Brady Singer,25377,663903,25377*2021,P,0
Jhony Brito,SDP,2023,0,0,Jhony Brito,25386,666745,25386*2023,P,0
Gavin Hollowell,CHC,2022,0,0,Gavin Hollowell,25427,668970,25427*2022,P,0
George Kirby,SEA,2022,0,0,George Kirby,25436,669923,25436*2022,P,0
Brandon Williamson,CIN,2023,0,0,Brandon Williamson,25463,682227,25463*2023,P,0
Joe La Sorsa,WSN,2023,0,0,Joe La Sorsa,25481,686747,25481*2023,P,0
Matt Waldron,SDP,2023,0,0,Matt Waldron,25550,663362,25550*2023,P,0
Isaiah Campbell,BOS,2023,0,0,Isaiah Campbell,25551,663462,25551*2023,P,0
Sammy Peralta,CHW,2023,0,0,Sammy Peralta,25589,671111,25589*2023,P,0
Xzavion Curry,MIA,2022,0,0,Xzavion Curry,25595,675540,25595*2022,P,0
Hunter Gaddis,CLE,2022,0,0,Hunter Gaddis,25636,683769,25636*2022,P,0
Declan Cronin,MIA,2023,0,0,Declan Cronin,25645,686539,25645*2023,P,0
Kevin Kelly,TBR,2023,0,0,Kevin Kelly,25679,687330,25679*2023,P,0
Matt Brash,SEA,2022,0,0,Matt Brash,25756,666374,25756*2022,P,0
Hunter Brown,HOU,2022,0,0,Hunter Brown,25880,686613,25880*2022,P,0
Yennier Cano,BAL,2022,0,0,Yennier Cano,25911,666974,25911*2022,P,0
Zack Thompson,STL,2022,0,0,Zack Thompson,25918,668868,25918*2022,P,0
Casey Legumina,CIN,2023,0,0,Casey Legumina,25921,668984,25921*2023,P,0
Andrew Nardi,MIA,2022,0,0,Andrew Nardi,25942,677053,25942*2022,P,0
Quinn Priester,BOS,2023,0,0,Quinn Priester,25977,682990,25977*2023,P,0
Brendan White,DET,2023,0,0,Brendan White,26024,686839,26024*2023,P,0
Sawyer Gipson-Long,DET,2023,0,0,Sawyer Gipson-Long,26048,687830,26048*2023,P,0
Easton Lucas,TOR,2023,0,0,Easton Lucas,26058,687922,26058*2023,P,0
Beau Brieske,DET,2022,0,0,Beau Brieske,26079,689225,26079*2022,P,0
Andre Pallante,STL,2022,0,0,Andre Pallante,26108,669467,26108*2022,P,0
Amos Willingham,WSN,2023,0,0,Amos Willingham,26128,686294,26128*2023,P,0
Caleb Kilian,CHC,2022,0,0,Caleb Kilian,26213,668873,26213*2022,P,0
Chris Murphy,BOS,2023,0,0,Chris Murphy,26214,669684,26214*2023,P,0
Jackson Rutledge,WSN,2023,0,0,Jackson Rutledge,26215,671131,26215*2023,P,0
Ryan Pepiot,TBR,2022,0,0,Ryan Pepiot,26221,686752,26221*2022,P,0
Nick Robertson,TOR,2023,0,0,Nick Robertson,26226,687798,26226*2023,P,0
Tyler Holton,DET,2022,0,0,Tyler Holton,26231,663947,26231*2022,P,0
Ryne Nelson,ARI,2022,0,0,Ryne Nelson,26253,669194,26253*2022,P,0
Joey Estes,OAK,2023,0,0,Joey Estes,26257,683155,26257*2023,P,0
Drey Jameson,ARI,2022,0,0,Drey Jameson,26260,686753,26260*2022,P,0
Tommy Henry,ARI,2022,0,0,Tommy Henry,26285,674072,26285*2022,P,0
Bryan Hoeing,SDP,2022,0,0,Bryan Hoeing,26304,663773,26304*2022,P,0
Ethan Small,SFG,2022,0,0,Ethan Small,26364,663629,26364*2022,P,0
Nick Lodolo,CIN,2022,0,0,Nick Lodolo,26378,666157,26378*2022,P,0
Alec Marsh,KCR,2023,0,0,Alec Marsh,27451,679525,27451*2023,P,0
Anthony Veneziano,MIA,2023,0,0,Anthony Veneziano,27453,685107,27453*2023,P,0
Garrett Crochet,CHW,2021,0,0,Garrett Crochet,27463,676979,27463*2021,P,0
Emerson Hancock,SEA,2023,0,0,Emerson Hancock,27470,676106,27470*2023,P,0
Jared Shuster,CHW,2023,0,0,Jared Shuster,27472,694363,27472*2023,P,0
Cade Cavalli,WSN,2022,0,0,Cade Cavalli,27473,676917,27473*2022,P,0
Max Meyer,MIA,2022,0,0,Max Meyer,27474,676974,27474*2022,P,0
Bryce Jarvis,ARI,2023,0,0,Bryce Jarvis,27477,686826,27477*2023,P,0
Bobby Miller,LAD,2023,0,0,Bobby Miller,27483,676272,27483*2023,P,0
Slade Cecconi,ARI,2023,0,0,Slade Cecconi,27500,677944,27500*2023,P,0
Kyle Hurt,LAD,2023,0,0,Kyle Hurt,27514,669165,27514*2023,P,0
Jared Koenig,MIL,2022,0,0,Jared Koenig,27517,657649,27517*2022,P,0
Graham Ashcraft,CIN,2022,0,0,Graham Ashcraft,27552,668933,27552*2022,P,0
Carmen Mlodzinski,PIT,2023,0,0,Carmen Mlodzinski,27572,669387,27572*2023,P,0
Hayden Wesneski,CHC,2022,0,0,Hayden Wesneski,27581,669713,27581*2022,P,0
Davis Daniel,LAA,2023,0,0,Davis Daniel,27582,669721,27582*2023,P,0
Logan Allen,CLE,2023,0,0,Logan Allen,27589,671106,27589*2023,P,0
Cody Bradford,TEX,2023,0,0,Cody Bradford,27597,674003,27597*2023,P,0
Luis L. Ortiz,PIT,2022,0,0,Luis L. Ortiz,27646,682847,27646*2022,P,0
Connor Phillips,CIN,2023,0,0,Connor Phillips,27649,683175,27649*2023,P,0
Ken Waldichuk,OAK,2022,0,0,Ken Waldichuk,27681,686610,27681*2022,P,0
Carson Spiers,CIN,2023,0,0,Carson Spiers,27685,686730,27685*2023,P,0
Louie Varland,MIN,2022,0,0,Louie Varland,27691,686973,27691*2022,P,0
Brent Headrick,MIN,2023,0,0,Brent Headrick,27702,687396,27702*2023,P,0
Kyle Harrison,SFG,2023,0,0,Kyle Harrison,27758,690986,27758*2023,P,0
Eury Perez,MIA,2023,0,0,Eury Perez,27768,691587,27768*2023,P,0
Kyle Nicolas,PIT,2023,0,0,Kyle Nicolas,27775,693312,27775*2023,P,0
Bryce Elder,ATL,2022,0,0,Bryce Elder,27779,693821,27779*2022,P,0
Brandon Pfaadt,ARI,2023,0,0,Brandon Pfaadt,27782,694297,27782*2023,P,0
Gavin Stone,LAD,2023,0,0,Gavin Stone,27792,694813,27792*2023,P,0
Daniel Palencia,CHC,2023,0,0,Daniel Palencia,27914,694037,27914*2023,P,0
John McMillon,PHI,2023,0,0,John McMillon,27942,669111,27942*2023,P,0
Luke Little,CHC,2023,0,0,Luke Little,28036,681432,28036*2023,P,0
Joe Boyle,OAK,2023,0,0,Joe Boyle,29608,671212,29608*2023,P,0
Alek Jacob,SDP,2023,0,0,Alek Jacob,29628,689690,29628*2023,P,0
Sam Bachman,LAA,2023,0,0,Sam Bachman,29754,696147,29754*2023,P,0
Bryce Miller,SEA,2023,0,0,Bryce Miller,29837,682243,29837*2023,P,0
Emmet Sheehan,LAD,2023,0,0,Emmet Sheehan,29839,686218,29839*2023,P,0
Andrew Abbott,CIN,2023,0,0,Andrew Abbott,29911,671096,29911*2023,P,0
Dylan Dodd,ATL,2023,0,0,Dylan Dodd,29928,689266,29928*2023,P,0
Grant Hartwig,NYM,2023,0,0,Grant Hartwig,29946,701643,29946*2023,P,0
AJ Smith-Shawver,ATL,2023,0,0,AJ Smith-Shawver,29960,700363,29960*2023,P,0
Evan Justice,COL,2023,0,0,Evan Justice,30008,687145,30008*2023,P,0
Chase Silseth,LAA,2022,0,0,Chase Silseth,30074,681217,30074*2022,P,0
Jordan Wicks,CHC,2023,0,0,Jordan Wicks,30094,696136,30094*2023,P,0
Gavin Williams,CLE,2023,0,0,Gavin Williams,30122,668909,30122*2023,P,0
Tanner Bibee,CLE,2023,0,0,Tanner Bibee,30134,676440,30134*2023,P,0
Bryan Woo,SEA,2023,0,0,Bryan Woo,30279,693433,30279*2023,P,0
Ben Joyce,LAA,2023,0,0,Ben Joyce,31461,690829,31461*2023,P,0
Victor Mederos,LAA,2023,0,0,Victor Mederos,31533,682989,31533*2023,P,0
Mason Miller,OAK,2023,0,0,Mason Miller,31757,695243,31757*2023,P,0
Orion Kerkering,PHI,2023,0,0,Orion Kerkering,31776,689147,31776*2023,P,0
Kodai Senga,NYM,2023,0,0,Kodai Senga,31838,673540,31838*2023,P,15000000
Kenta Maeda,DET,2021,0.333333333,-0.003904298,Kenta Maeda,18498,628317,18498*2021,P,3125000
Mitch Keller,PIT,2021,0.107142857,-0.004560569,Mitch Keller,17594,656605,17594*2021,P,0
Alexander Canario,CHC,2023,0.294117647,-0.004706566,Alexander Canario,22842,672744,22842*2023,RF,0
Nathan Lukes,TOR,2023,0.192307692,-0.007601437,Nathan Lukes,18123,664770,18123*2023,RF,0
Jose Alvarado,PHI,2021,0,-0.009211381,Jose Alvarado,17780,621237,17780*2021,P,1000000
Josh Sborz,TEX,2021,0,-0.010188676,Josh Sborz,18323,622250,18323*2021,P,0
Phil Maton,NYM,2021,0,-0.01040735,Phil Maton,18064,664208,18064*2021,P,975000
Sam Hentges,CLE,2021,0,-0.01040735,Sam Hentges,18548,656529,18548*2021,P,0
Nestor Cortes,NYY,2021,0,-0.010412805,Nestor Cortes,17874,641482,17874*2021,P,0
Pedro Avila,CLE,2021,0,-0.010551683,Pedro Avila,18864,658648,18864*2021,P,0
Adrian Morejon,SDP,2021,0,-0.010551683,Adrian Morejon,20039,670970,20039*2021,P,0
Seth Lugo,KCR,2021,0,-0.010633185,Seth Lugo,12447,607625,12447*2021,P,2900000
Anthony Banda,LAD,2021,0,-0.010633185,Anthony Banda,14706,607455,14706*2021,P,0
John King,STL,2021,0,-0.010691173,John King,22051,667463,22051*2021,P,0
Matt Manning,DET,2021,0,-0.010693644,Matt Manning,20369,666159,20369*2021,P,0
Jose Ruiz,PHI,2021,0,-0.010778402,Jose Ruiz,14552,614179,14552*2021,P,0
Michael Kopech,LAD,2021,0,-0.010778402,Michael Kopech,17282,656629,17282*2021,P,0
Jose Suarez,LAA,2021,0,-0.010888059,Jose Suarez,19911,660761,19911*2021,P,0
Manuel Rodriguez,TBR,2021,0,-0.011076698,Manuel Rodriguez,20794,655889,20794*2021,P,0
Alek Manoah,TOR,2021,0,-0.011138119,Alek Manoah,26410,666201,26410*2021,P,0
Tyler Zuber,NYM,2021,0,-0.011158263,Tyler Zuber,20379,676604,20379*2021,P,0
Justin Topa,MIN,2021,0,-0.011223758,Justin Topa,15145,623437,15145*2021,P,0
Hans Crouse,LAA,2021,0,-0.01126082,Hans Crouse,22192,668968,22192*2021,P,0
Kyle Nelson,ARI,2021,0,-0.011342199,Kyle Nelson,20515,669459,20515*2021,P,0
Robert Suarez,SDP,2022,0,-0.011342199,Robert Suarez,30115,663158,30115*2022,P,0
David Bednar,PIT,2021,0,-0.011367817,David Bednar,19569,670280,19569*2021,P,0
Nick Mears,MIL,2021,0,-0.011367817,Nick Mears,25376,683232,25376*2021,P,0
Chris Sale,ATL,2021,0,-0.011397187,Chris Sale,10603,519242,10603*2021,P,30000000
Tanner Houck,BOS,2021,0,-0.011397187,Tanner Houck,19879,656557,19879*2021,P,0
Ryan Feltner,COL,2021,0,-0.013040833,Ryan Feltner,21446,663372,21446*2021,P,0
David Peterson,NYM,2021,0.0625,-0.013073539,David Peterson,20302,656849,20302*2021,P,0
Brandon Woodruff,MIL,2021,0.115384615,-0.018565958,Brandon Woodruff,16162,605540,16162*2021,P,3275000
Jacob Amaya,CHW,2023,0.222222222,-0.020029847,Jacob Amaya,23296,676070,23296*2023,SS,0
Chris Bassitt,TOR,2021,0,-0.020210368,Chris Bassitt,12304,605135,12304*2021,P,4900000
Tyler Glasnow,LAD,2021,0,-0.020225216,Tyler Glasnow,14374,607192,14374*2021,P,4000000
Eli Morgan,CLE,2021,0,-0.0208147,Eli Morgan,20203,669212,20203*2021,P,0
Joe Ryan,MIN,2021,0,-0.021009196,Joe Ryan,21390,657746,21390*2021,P,0
Emilio Pagan,CIN,2021,0,-0.021103366,Emilio Pagan,14771,641941,14771*2021,P,1570000
Tyler Alexander,TBR,2021,0,-0.021387289,Tyler Alexander,17735,641302,17735*2021,P,0
Dennis Santana,PIT,2021,0,-0.021804262,Dennis Santana,17878,642701,17878*2021,P,0
Brusdar Graterol,LAD,2021,0,-0.021804262,Brusdar Graterol,20367,660813,20367*2021,P,0
Keegan Akin,BAL,2021,0,-0.021810534,Keegan Akin,19362,669211,19362*2021,P,0
Tommy Nance,TOR,2021,0,-0.022153397,Tommy Nance,19178,667297,19178*2021,P,0
Steven Matz,STL,2021,0,-0.022276238,Steven Matz,13361,571927,13361*2021,P,0
Luke Weaver,NYY,2021,0.105263157,-0.022426459,Luke Weaver,16918,596133,16918*2021,P,1950000
Joan Adon,WSN,2021,0,-0.02248667,Joan Adon,22925,672851,22925*2021,P,0
Anthony Bender,MIA,2021,0,-0.022502488,Anthony Bender,19742,669622,19742*2021,P,0
Zach Pop,TOR,2021,0,-0.022502488,Zach Pop,20185,647315,20185*2021,P,0
Chris Stratton,KCR,2021,0,-0.022735634,Chris Stratton,13761,608717,13761*2021,P,1100000
Jacob Webb,BAL,2021,0,-0.022739931,Jacob Webb,19274,657097,19274*2021,P,0
Spencer Strider,ATL,2021,0,-0.022739931,Spencer Strider,27498,675911,27498*2021,P,0
Sonny Gray,STL,2021,0.146341463,-0.023377073,Sonny Gray,12768,543243,12768*2021,P,10166667
Cionel Perez,BAL,2021,0,-0.023652754,Cionel Perez,19614,672335,19614*2021,P,0
Griffin Canning,ATL,2021,0,-0.024046828,Griffin Canning,19867,656288,19867*2021,P,0
Josh Smith,TEX,2022,0.19117647,-0.024803907,Josh Smith,26396,669701,26396*2022,SS,0
Tyler Anderson,LAA,2021,0.1,-0.027735186,Tyler Anderson,12880,542881,12880*2021,P,2500000
Michael Wacha,KCR,2021,0,-0.030337824,Michael Wacha,14078,608379,14078*2021,P,3000000
Jonathan Ornelas,TEX,2023,0.142857142,-0.030887058,Jonathan Ornelas,24597,680716,24597*2023,SS,0
Griffin Jax,MIN,2021,0,-0.031513795,Griffin Jax,20253,643377,20253*2021,P,0
Tarik Skubal,DET,2021,0,-0.032080934,Tarik Skubal,22267,669373,22267*2021,P,0
Carlos Rodon,NYY,2021,0,-0.032335208,Carlos Rodon,16137,607074,16137*2021,P,3000000
Miguel Andujar,OAK,2021,0.245945945,-0.035600726,Miguel Andujar,15878,609280,15878*2021,LF,0
Sam Long,KCR,2021,0.1,-0.03819612,Sam Long,25379,669674,25379*2021,P,0
Yency Almonte,CHC,2021,0,-0.039122499,Yency Almonte,15068,622075,15068*2021,P,0
Jordan Montgomery,ARI,2021,0,-0.041651218,Jordan Montgomery,16511,656756,16511*2021,P,2130000
Justin Steele,CHC,2021,0.153846153,-0.041790584,Justin Steele,17312,657006,17312*2021,P,0
Framber Valdez,HOU,2021,0,-0.042228318,Framber Valdez,17295,664285,17295*2021,P,0
Lance McCullers Jr.,HOU,2021,0,-0.042727581,Lance McCullers Jr.,14120,621121,14120*2021,P,6500000
Jose Berrios,TOR,2021,0,-0.043285434,Jose Berrios,14168,621244,14168*2021,P,6100000
Dustin May,LAD,2021,0,-0.043608524,Dustin May,19716,669160,19716*2021,P,0
Taijuan Walker,PHI,2021,0.106382978,-0.044574413,Taijuan Walker,11836,592836,11836*2021,P,10000000
Carlos Hernandez,KCR,2021,0,-0.044633051,Carlos Hernandez,22713,672578,22713*2021,P,0
Alex Young,NYM,2021,0,-0.044894586,Alex Young,18333,622065,18333*2021,P,0
Brent Suter,CIN,2021,0,-0.044895031,Brent Suter,13942,608718,13942*2021,P,1550000
Sam Hilliard,COL,2021,0.206521739,-0.046515066,Sam Hilliard,17954,656541,17954*2021,RF,0
Mason McCoy,SDP,2023,0,-0.049909912,Mason McCoy,22232,669200,22232*2023,SS,0
Robbie Ray,SFG,2021,0,-0.055690598,Robbie Ray,11486,592662,11486*2021,P,8000000
Kris Bubic,KCR,2021,0,-0.055791316,Kris Bubic,21455,663460,21455*2021,P,0
Bailey Falter,PIT,2021,0,-0.056304104,Bailey Falter,20070,663559,20070*2021,P,0
Luis Garcia,HOU,2021,0,-0.063342479,Luis Garcia,23735,677651,23735*2021,P,0
Miles Mikolas,STL,2021,0,-0.068304899,Miles Mikolas,9803,571945,9803*2021,P,17000000
Eduardo Rodriguez,ARI,2021,0,-0.068383122,Eduardo Rodriguez,13164,593958,13164*2021,P,0
Kyle Hendricks,LAA,2021,0.115384615,-0.070368684,Kyle Hendricks,12049,543294,12049*2021,P,14000000
Rafael Marchan,PHI,2021,0.23076923,-0.076133566,Rafael Marchan,21646,665561,21646*2021,C,0
Jonathan Aranda,TBR,2022,0.212121212,-0.088509156,Jonathan Aranda,21837,666018,21837*2022,LF,0
Samad Taylor,SEA,2023,0.2,-0.089067537,Samad Taylor,22274,669392,22274*2023,LF,0
Miles Mastrobuoni,CHC,2022,0.234899328,-0.090242095,Miles Mastrobuoni,20017,670156,20017*2022,RF,0
Nick Gonzales,PIT,2023,0.208695652,-0.090709421,Nick Gonzales,27490,693304,27490*2023,SS,0
Joey Ortiz,MIL,2023,0.212121212,-0.093619571,Joey Ortiz,25493,687401,25493*2023,SS,0
David Fry,CLE,2023,0.237623762,-0.094127559,David Fry,24934,681807,24934*2023,RF,0
Dane Myers,MIA,2023,0.268656716,-0.095328994,Dane Myers,22054,667472,22054*2023,LF,0
Jerar Encarnacion,SFG,2022,0.181818181,-0.105975658,Jerar Encarnacion,21871,666464,21871*2022,RF,0
Yu Darvish,SDP,2021,0.094339622,-0.112787595,Yu Darvish,13074,506433,13074*2021,P,22000000
Brewer Hicklen,MIL,2022,0,-0.123434507,Brewer Hicklen,20450,676551,20450*2022,RF,0
Tyler Gilbert,PHI,2021,0,-0.123460108,Tyler Gilbert,17964,656457,17964*2021,P,0
Merrill Kelly,ARI,2021,0.063829787,-0.124669729,Merrill Kelly,11156,518876,11156*2021,P,4250000
Josiah Gray,WSN,2021,0.045454545,-0.132690531,Josiah Gray,24580,680686,24580*2021,P,0
Wade Meckler,SFG,2023,0.232142857,-0.145709633,Wade Meckler,31490,685133,31490*2023,LF,0
Cesar Salazar,HOU,2023,0.111111111,-0.146083654,Cesar Salazar,21587,663967,21587*2023,C,0
Daz Cameron,BAL,2021,0.203592814,-0.149325593,Daz Cameron,18353,663662,18353*2021,RF,0
Adbert Alzolay,CHC,2021,0.064516129,-0.150018383,Adbert Alzolay,17859,640470,17859*2021,P,0
Freddy Peralta,MIL,2021,0.093023255,-0.152041237,Freddy Peralta,18679,642547,18679*2021,P,1234960
Braden Shewmake,CHW,2023,0,-0.153372611,Braden Shewmake,25817,669699,25817*2023,SS,0
Max Kranick,NYM,2021,0,-0.159149437,Max Kranick,22175,668820,22175*2021,P,0
Brice Turang,MIL,2023,0.217821782,-0.178299144,Brice Turang,22186,668930,22186*2023,SS,0
Osleivis Basabe,TBR,2023,0.218390804,-0.182309723,Osleivis Basabe,23985,678545,23985*2023,SS,0
Jose Tena,WSN,2023,0.225806451,-0.184503635,Jose Tena,23691,677588,23691*2023,SS,0
Pablo Lopez,MIN,2021,0.06060606,-0.185311148,Pablo Lopez,17085,641154,17085*2021,P,0
Jordan Lawlar,ARI,2023,0.129032258,-0.189169332,Jordan Lawlar,29976,691783,29976*2023,SS,0
Lawrence Butler,OAK,2023,0.211382113,-0.190807412,Lawrence Butler,22542,671732,22542*2023,RF,0
Ian Anderson,ATL,2021,0.054054054,-0.19200596,Ian Anderson,19951,666120,19951*2021,P,0
Joshua Palacios,PIT,2021,0.231003039,-0.194137464,Joshua Palacios,19818,641943,19818*2021,RF,0
Pete Crow-Armstrong,CHC,2023,0,-0.205677587,Pete Crow-Armstrong,27769,691718,27769*2023,CF,0
Austin Gomber,COL,2021,0.09375,-0.208879897,Austin Gomber,16561,596295,16561*2021,P,0
Trey Cabbage,PIT,2023,0.207547169,-0.226131625,Trey Cabbage,21078,663550,21078*2023,RF,0
Chris Paddack,MIN,2021,0.028571428,-0.228279902,Chris Paddack,20099,663978,20099*2021,P,0
Trevor Rogers,BAL,2021,0.069767441,-0.233924117,Trevor Rogers,22286,669432,22286*2021,P,0
Luke Williams,ATL,2021,0.225409836,-0.236541755,Luke Williams,19931,663897,19931*2021,SS,0
David Hamilton,BOS,2023,0.121212121,-0.237946873,David Hamilton,27531,666152,27531*2023,SS,0
Cal Stevenson,PHI,2022,0.144927536,-0.239309861,Cal Stevenson,22411,670276,22411*2022,RF,0
Kyle Stowers,MIA,2022,0.20661157,-0.242415558,Kyle Stowers,26151,669065,26151*2022,RF,0
Bryce Johnson,SDP,2022,0.147540983,-0.242983792,Bryce Johnson,20002,669369,20002*2022,RF,0
Kody Clemens,PHI,2022,0.19140625,-0.274417616,Kody Clemens,20572,665019,20572*2022,P,0
Zach Eflin,BAL,2021,0,-0.277352335,Zach Eflin,13774,621107,13774*2021,P,4450000
Andrew Vaughn,CHW,2021,0.255860683,-0.282148678,Andrew Vaughn,26197,683734,26197*2021,RF,0
Luis Torrens,NYM,2021,0.238095238,-0.287905384,Luis Torrens,15905,620443,15905*2021,C,0
Romy Gonzalez,BOS,2021,0.22173913,-0.309988532,Romy Gonzalez,21562,663853,21562*2021,SS,0
Sandy Alcantara,MIA,2021,0.034482758,-0.313495811,Sandy Alcantara,18684,645261,18684*2021,P,0
Jon Gray,TEX,2021,0.106382978,-0.314582449,Jon Gray,14916,592351,14916*2021,P,6000000
Kyren Paris,LAA,2023,0.1,-0.315783936,Kyren Paris,26420,677347,26420*2023,SS,0
Hunter Goodman,COL,2023,0.2,-0.327624034,Hunter Goodman,29715,696100,29715*2023,RF,0
Chuckie Robinson,CHW,2022,0.13559322,-0.330472206,Chuckie Robinson,19824,642020,19824*2022,C,0
Scott Kingery,LAA,2021,0.052631578,-0.344750822,Scott Kingery,17975,664068,17975*2021,RF,4250000
Alika Williams,PIT,2023,0.198019801,-0.345750794,Alika Williams,27604,675961,27604*2023,SS,0
Colton Cowser,BAL,2023,0.114754098,-0.362921429,Colton Cowser,29591,681297,29591*2023,RF,0
Kyle Freeland,COL,2021,0.181818181,-0.36561931,Kyle Freeland,16256,607536,16256*2021,RF,5020000
Tyler Mahle,TEX,2021,0.054545454,-0.366989941,Tyler Mahle,16358,641816,16358*2021,P,2200000
Luken Baker,STL,2023,0.209302325,-0.372106624,Luken Baker,21497,663609,21497*2023,1B,0
Jonah Bride,MIA,2022,0.192,-0.376242195,Jonah Bride,24703,681146,24703*2022,3B,0
Brayan Rocchio,CLE,2023,0.24691358,-0.37739379,Brayan Rocchio,23690,677587,23690*2023,SS,0
Brett Wisely,SFG,2023,0.175,-0.385545714,Brett Wisely,27735,689172,27735*2023,SS,0
Miguel Vargas,CHW,2022,0.191419141,-0.401440041,Miguel Vargas,20178,678246,20178*2022,LF,0
Dominic Canzone,SEA,2023,0.219653179,-0.409139485,Dominic Canzone,26438,686527,26438*2023,RF,0
Erick Fedde,STL,2021,0,-0.418866767,Erick Fedde,17425,607200,17425*2021,P,0
Luis Matos,SFG,2023,0.25,-0.422137339,Luis Matos,26467,682641,26467*2023,RF,0
MJ Melendez,KCR,2022,0.226586102,-0.444984255,MJ Melendez,22197,669004,22197*2022,RF,0
Brett Sullivan,SDP,2023,0.209876543,-0.460956115,Brett Sullivan,18217,664954,18217*2023,C,0
Juan Yepez,WSN,2022,0.239616613,-0.482767857,Juan Yepez,18400,660766,18400*2022,RF,0
Riley Adams,WSN,2021,0.223958333,-0.50223715,Riley Adams,19864,656180,19864*2021,C,0
Jon Singleton,HOU,2023,0.164835164,-0.511193082,Jon Singleton,10441,572138,10441*2023,1B,0
Antonio Senzatela,COL,2021,0.051282051,-0.511681724,Antonio Senzatela,15488,622608,15488*2021,P,3000000
Michael Siani,STL,2022,0.137931034,-0.522453051,Michael Siani,22557,672279,22557*2022,CF,0
Michael Busch,CHC,2023,0.166666666,-0.545077364,Michael Busch,26319,683737,26319*2023,LF,0
Casey Schmitt,SFG,2023,0.205533596,-0.573784986,Casey Schmitt,27577,669477,27577*2023,SS,0
Brett Baty,NYM,2022,0.20971867,-0.587803095,Brett Baty,26123,683146,26123*2022,3B,0
Heliot Ramos,SFG,2022,0.157894736,-0.601747589,Heliot Ramos,22515,671218,22515*2022,RF,0
Joe Musgrove,SDP,2021,0.137254901,-0.618449348,Joe Musgrove,12970,605397,12970*2021,P,0
Matt Mervis,CHC,2023,0.166666666,-0.64565095,Matt Mervis,27845,670223,27845*2023,1B,0
Jose Herrera,ARI,2022,0.198113207,-0.799785679,Jose Herrera,17040,645444,17040*2022,C,0
Masyn Winn,STL,2023,0.172131147,-0.816260575,Masyn Winn,27479,691026,27479*2023,SS,0
Gavin Sheets,CHW,2021,0.228773584,-0.816624814,Gavin Sheets,19901,657757,19901*2021,RF,0
Jordyn Adams,LAA,2023,0.128205128,-0.844563119,Jordyn Adams,23788,677941,23788*2023,RF,0
Nick Pratto,KCR,2022,0.215517241,-0.858902293,Nick Pratto,22117,668472,22117*2022,RF,0
Alec Burleson,STL,2022,0.2369146,-0.887900153,Alec Burleson,27615,676475,27615*2022,RF,0
Henry Davis,PIT,2023,0.213333333,-0.932782916,Henry Davis,29617,680779,29617*2023,RF,0
Lenyn Sosa,CHW,2022,0.185929648,-0.953055606,Lenyn Sosa,22896,672820,22896*2022,SS,0
Tyler Soderstrom,OAK,2023,0.16,-0.983092756,Tyler Soderstrom,27467,691016,27467*2023,C,0
Mark Vientos,NYM,2022,0.204724409,-0.990353653,Mark Vientos,22184,668901,22184*2022,3B,0
Oscar Colas,CHW,2023,0.21632653,-1.025921293,Oscar Colas,30162,693049,30162*2023,RF,0
Cooper Hummel,HOU,2022,0.165829145,-1.221649801,Cooper Hummel,19458,669450,19458*2022,RF,0
Michael Toglia,COL,2022,0.186507936,-1.2867256,Michael Toglia,25845,669911,25845*2022,RF,0
Korey Lee,CHW,2022,0.1,-1.296119755,Korey Lee,25543,686676,25543*2022,C,0
Vidal Brujan,MIA,2021,0.156626506,-1.711206866,Vidal Brujan,20536,660644,20536*2021,RF,0
